{
    "positve":
    {
        "M+H": 1.0072766,
        "M+Na": 22.9892213,
        "M+K": 38.9631585,
        "M+NH4": 18.0338257,
        "M+H-H2O": 17.0032880,
        "M": -0.0005484
    },
    "negative":
    {
        "M-H": -1.0072766,
        "M+Cl": 34.9694011,
        "M-H-H2O": -19.0178413,
        "M+CH3COO": 59.0138527,
        "M+HCOO": 44.9982026
    }
}