{"ele_mass": {
    "H"  : 1.0078250,
    "He" : 4.00260,
    "Li" :7.01600,
    "Be" : 9.0121821,
    "B"  : 11.00931, 
    "C"  : 12, 
    "N"  : 14.0030740,
    "O"  : 15.9949146, 
    "F"  : 18.9984032, 
    "Ne" : 19.9924402, 
    "Na" : 22.9897697, 
    "Mg" : 23.9850419, 
    "Al" : 26.9815384, 
    "Si" : 27.9769265, 
    "P"  : 30.9737615, 
    "S"  : 31.9720707, 
    "Cl" : 34.9688527, 
    "Ar" : 39.96238, 
    "K"  : 38.9637069, 
    "Ca" : 39.9625912, 
    "Sc" : 44.9559102, 
    "Ti" : 47.94795, 
    "V"  : 50.94396, 
    "Cr" : 51.94051, 
    "Mn" :54.9380496, 
    "Fe" : 55.93494, 
    "Co" : 58.9332002, 
    "Ni" : 57.9353479, 
    "Cu" : 62.9296011, 
    "Zn" : 63.9291466, 
    "Ga" : 68.9255810, 
    "Ge" : 73.92118, 
    "As" : 74.9215964, 
    "Se" : 79.91652, 
    "Br" : 78.9183376, 
    "Kr" : 83.91151, 
    "Rb" : 84.9117893, 
    "Sr" : 87.90561, 
    "Y"  : 88.9058479, 
    "Zr" : 89.9047037, 
    "Nb" : 92.9063775, 
    "Mo" : 97.90541, 
    "Tc" : 96.9063650, 
    "Ru" : 101.90435, 
    "Rh" : 102.9055040, 
    "Pd" : 105.90348, 
    "Ag" : 106.9050930, 
    "Cd" : 113.90336, 
    "In" : 114.90388, 
    "Sn" : 119.90220, 
    "Sb" : 120.9038180, 
    "Te" : 129.90622, 
    "I"  : 126.9044680, 
    "Xe" : 131.90416, 
    "Cs" : 132.9054470, 
    "Ba" : 137.90524, 
    "La" : 138.90635, 
    "Ce" : 139.90543, 
    "Pr" : 140.9076480, 
    "Nd" : 141.9077190, 
    "Pm" : 144.9127440, 
    "Sm" : 151.91973, 
    "Eu" : 152.92123, 
    "Gd" : 157.92410, 
    "Tb" : 158.9253430, 
    "Dy" : 163.92917, 
    "Ho" : 164.9303190, 
    "Er" : 165.93029, 
    "Tm" : 168.9342110, 
    "Yb" : 173.93886, 
    "Lu" : 174.9407680, 
    "Hf" : 179.94655, 
    "Ta" : 180.94800, 
    "W"  : 183.95093, 
    "Re" : 186.95575, 
    "Os" : 191.96148, 
    "Ir" : 192.96292, 
    "Pt" : 189.9599300, 
    "Au" : 196.9665520, 
    "Hg" : 201.97063, 
    "Tl" : 204.97441, 
    "Pb" : 207.97664, 
    "Bi" : 208.9803830, 
    "Po" : 208.9824160, 
    "At" : 209.9871310, 
    "Rn" : 222.01757, 
    "Ac" : 227.0277470, 
    "Th" : 226.0254, 
    "Pa" : 227.0278, 
    "U"  : 232.0381, 
    "Np" : 231.0359, 
    "Pu" : 238.0289, 
    "Am" : 237.0482, 
    "Cm" : 244.0642, 
    "Bk" : 243.0614, 
    "Cf" : 247.0703, 
    "Es" : 247.0703, 
    "Fm" : 251.0796, 
    "Md" : 252.0829, 
    "No" : 257.0951, 
    "Lr" : 258.0986, 
    "Rf" : 259.1009, 
    "Db" : 260.1053, 
    "Sg" : 261.1087, 
    "Bh" : 262.1138, 
    "Hs" : 263.1182, 
    "Mt" : 262.1229,
    "e+" : -0.0005484,
    "e-" : 0.0005484
    }
}